{
  "configVersion": 1,
  "timestamp": 1605279475601,
  "index": "/index.html",
  "assetGroups": [
    {
      "name": "app",
      "installMode": "prefetch",
      "updateMode": "prefetch",
      "cacheQueryOptions": {
        "ignoreVary": true
      },
      "urls": [
        "/favicon.ico",
        "/index.html",
        "/main.cc2fbd31557fa69c37c1.js",
        "/manifest.webmanifest",
        "/polyfills.4dc3b73f451c53467b36.js",
        "/runtime.e227d1a0e31cbccbf8ec.js",
        "/styles.feeb1fbea233a13b6394.css"
      ],
      "patterns": []
    },
    {
      "name": "assets",
      "installMode": "lazy",
      "updateMode": "prefetch",
      "cacheQueryOptions": {
        "ignoreVary": true
      },
      "urls": [
        "/assets/claim_accident.png",
        "/assets/claim_ar_spec_cellphones.png",
        "/assets/claim_ar_unspec.png",
        "/assets/claim_geyser.png",
        "/assets/claim_windscreen.png",
        "/assets/icons/android-36x36.png",
        "/assets/icons/android-48x48.png",
        "/assets/icons/icon-128x128.png",
        "/assets/icons/icon-144x144.png",
        "/assets/icons/icon-152x152.png",
        "/assets/icons/icon-192x192.png",
        "/assets/icons/icon-384x384.png",
        "/assets/icons/icon-512x512.png",
        "/assets/icons/icon-72x72.png",
        "/assets/icons/icon-96x96.png",
        "/assets/icons/resubmit.png",
        "/assets/images/b.png",
        "/assets/images/c.png",
        "/assets/images/d.png",
        "/assets/images/f.png",
        "/assets/images/legacy-logo2.png",
        "/assets/images/n.png",
        "/assets/images/p.png",
        "/assets/images/s.png",
        "/assets/images/share_btn.png",
        "/assets/menuicons/HOME.png",
        "/assets/menuicons/appSettings.png",
        "/assets/menuicons/baseline_policy_white_18dp.png",
        "/assets/menuicons/letsChat.png",
        "/assets/menuicons/logOut.png",
        "/assets/menuicons/myBroker.png",
        "/assets/menuicons/myClaims.png",
        "/assets/menuicons/myDocuments.png",
        "/assets/menuicons/myFinancials.png",
        "/assets/menuicons/myNotifications.png",
        "/assets/menuicons/myPolicy.png",
        "/assets/menuicons/myProfile.png"
      ],
      "patterns": []
    }
  ],
  "dataGroups": [],
  "hashTable": {
    "/assets/claim_accident.png": "dcb6ed9f051430f8be4bb7dd79930938f75470f3",
    "/assets/claim_ar_spec_cellphones.png": "2540a1449abe26a313f1dde2dc3fd36363d90bc6",
    "/assets/claim_ar_unspec.png": "3feafda27af9c2c29d182661d9501332ea28f4bd",
    "/assets/claim_geyser.png": "a57f6c4b93d28d6e7f7ac04c75c416f7057b8177",
    "/assets/claim_windscreen.png": "fa95d5fa1f952e6f19c1e44aac2945479fc81661",
    "/assets/icons/android-36x36.png": "ed98b1184c18cef70024a6fb88ae1baf83ace43a",
    "/assets/icons/android-48x48.png": "3b5627cd223d8eedb1189cb91361a1f918764ec2",
    "/assets/icons/icon-128x128.png": "a3e528fba644966a31818ecc9e31f9af4fe040e2",
    "/assets/icons/icon-144x144.png": "965a6f1ea1df38c9404498e3ae3392124b952cea",
    "/assets/icons/icon-152x152.png": "be23b558174f96cb6a6ae53fd5414648ab564b71",
    "/assets/icons/icon-192x192.png": "fff6d2f14aa00b3c41fba11f5ca81e8c9eb21196",
    "/assets/icons/icon-384x384.png": "69501f347c9e195d2a9f4938eb27f53ec5c21931",
    "/assets/icons/icon-512x512.png": "575e589e2b88d64c1dc38e6b6d44b0f6b63dabfe",
    "/assets/icons/icon-72x72.png": "1150c354a1606aef76bfac846716d997b6cc3661",
    "/assets/icons/icon-96x96.png": "dfd73b914e167f2a981fd46064eb9b6f37262323",
    "/assets/icons/resubmit.png": "e79b489f75d2235cec1620ea358904aeff579998",
    "/assets/images/b.png": "1be19acd32a945e5959303876785ac7a70050ea7",
    "/assets/images/c.png": "fb7f6eac18132413ae7e1dc82f81c22c1145e4ee",
    "/assets/images/d.png": "fb929a7ac2171647340d1c0404e4bc98cb78c3da",
    "/assets/images/f.png": "082ea0ae372ec1d9fd738cc59322f02be04f4e7c",
    "/assets/images/legacy-logo2.png": "707eb44abdc7799a14cbbc0f999702183ab0ba89",
    "/assets/images/n.png": "f01353dfc472c6fb972f618d608debe00ffd0c9e",
    "/assets/images/p.png": "92eb3c05b5137f28eac574911a51461c6742d60d",
    "/assets/images/s.png": "65bdabfd514215e63a3630276f3a0866599d0f61",
    "/assets/images/share_btn.png": "346ae00a4925c168d626da021e82cc84def0b990",
    "/assets/menuicons/HOME.png": "f2b56b76660f1480da27a05c9c6cc70ded46f75b",
    "/assets/menuicons/appSettings.png": "8a335b0e22d35d6a870dfdfe0d7e31db80b0ccee",
    "/assets/menuicons/baseline_policy_white_18dp.png": "56159984533ea5b62d3799b3750efd05a7fb9299",
    "/assets/menuicons/letsChat.png": "4fc201030717cd00f4870d72da0489e59b86a5ef",
    "/assets/menuicons/logOut.png": "2c271b62c4d5839a39b23bb129727cbc59819830",
    "/assets/menuicons/myBroker.png": "9c1c5a5a0b38d0c735f1cefa229e775a55eb2488",
    "/assets/menuicons/myClaims.png": "b604ca70d29866c0e299032557df790e5ccf1d65",
    "/assets/menuicons/myDocuments.png": "5fe25d88298e70b615c5337915775fbea1ff4e9e",
    "/assets/menuicons/myFinancials.png": "d1802274dfdf0c1067a62c7e6f9d8ce93ff2f61f",
    "/assets/menuicons/myNotifications.png": "e2b46486044b5a26d5b90ed97518e5c656a5be74",
    "/assets/menuicons/myPolicy.png": "a74e21abb3dc60bed098864503f407c5312f1d3e",
    "/assets/menuicons/myProfile.png": "94b08c0abfb3f5de1c9f54a8487fe7fa1491ddc0",
    "/favicon.ico": "edd0504b0c26667fbeff72a7594897bc950f4810",
    "/index.html": "37019adac40dd15e696f0cfbb8f181d4d2dca4f5",
    "/main.cc2fbd31557fa69c37c1.js": "850b8b31c84f684cf33b1a8d4e6978c8eaa80240",
    "/manifest.webmanifest": "d6c14bfac22ffb601969d551f136c2dc48e80f92",
    "/polyfills.4dc3b73f451c53467b36.js": "91f4e3fd70316d9cb796b0ec07e8fe7fbbf93b15",
    "/runtime.e227d1a0e31cbccbf8ec.js": "a9aafcf49f49145093fc831efd9b8e2f6c71bb9c",
    "/styles.feeb1fbea233a13b6394.css": "8c67b71a2711ad62875a2d2748b640b6bff5cbfd"
  },
  "navigationUrls": [
    {
      "positive": true,
      "regex": "^\\/.*$"
    },
    {
      "positive": false,
      "regex": "^\\/(?:.+\\/)?[^/]*\\.[^/]*$"
    },
    {
      "positive": false,
      "regex": "^\\/(?:.+\\/)?[^/]*__[^/]*$"
    },
    {
      "positive": false,
      "regex": "^\\/(?:.+\\/)?[^/]*__[^/]*\\/.*$"
    }
  ]
}